,STATE,HD01_VD01,HD01_VD02,HD01_VD03,HD01_VD04,HD01_VD05,HD01_VD06,HD01_VD07,HD01_VD08,HD01_VD09,HD01_VD10,HD01_VD11,HD01_VD12,HD01_VD13,HD01_VD14,HD01_VD15,HD01_VD16,HD01_VD17,HD01_VD18,HD01_VD19,HD01_VD20,HD01_VD21,HD01_VD22,HD01_VD23,HD01_VD24,HD01_VD25,HD01_VD26,HD01_VD27,HD01_VD28,HD01_VD29,HD01_VD30,HD01_VD31,HD01_VD32,HD01_VD33,HD01_VD34,HD01_VD35,HD01_VD36,HD01_VD37,HD01_VD38,HD01_VD39,HD01_VD40,HD01_VD41,HD01_VD42,HD01_VD43,HD01_VD44,HD01_VD45,HD01_VD46,HD01_VD47,HD01_VD48,HD01_VD49,HD01_VD50,HD01_VD51,HD01_VD52,HD01_VD53,HD01_VD54,HD01_VD55,HD01_VD56,HD01_VD57,HD01_VD58,HD01_VD59,HD01_VD60,HD01_VD61,HD01_VD62,HD01_VD63,HD01_VD64,HD01_VD65,HD01_VD66,HD01_VD67,HD01_VD68,HD01_VD69,HD01_VD70,HD01_VD71,HD01_VD72,HD01_VD73,HD01_VD74,HD01_VD75,HD01_VD76,HD01_VD77,HD01_VD78,HD01_VD79,HD01_VD80,HD01_VD81,HD01_VD82,HD01_VD83,HD01_VD84,HD01_VD85,HD01_VD86,HD01_VD87,HD01_VD88,HD01_VD89,HD01_VD90,HD01_VD91,HD01_VD92,HD01_VD93,HD01_VD94,HD01_VD95,HD01_VD96,HD01_VD97,HD01_VD98,HD01_VD99,HD01_VD100,HD01_VD101,HD01_VD102,HD01_VD103,HD01_VD104,HD01_VD105,HD01_VD106,HD01_VD107,HD01_VD108,HD01_VD109
0,Alabama,4841164,87,157,16,756282,12524,982,283,484,5320,314,1017,488,2091,1778,701,80,729,3056,23,1376,902,21851,455,1731,3653,52,688,1449,8,5009,1916,4668,37478,1583,371169,120,55022,2286,74550,8529,329682,142,8446,349,5430,107,1339,426904,651,82171,289,2104,227,160,213,72,1958,15186,498,28813,2646,1445,8576,3763,73881,86461,370,622,1971,322,0,45641,50,848,256,975,69,1790,87,13,26,770,241,112,61,39587,879,16281,3763,1012,2458,19275,10113,701,267,112,78,200,753,2456,4292,492,186,775,80,690,1896683,1071911
1,Alaska,736855,187,411,28,32789,1286,79,2,0,649,59,228,183,75,106,252,3,379,1733,195,696,192,3323,273,151,2153,11,189,649,0,3655,554,5369,11638,1014,60367,82,15740,4606,19580,5860,114677,126,2488,61,2406,316,265,73514,89,20774,185,1044,67,446,8,137,2828,26553,480,15200,2359,655,9951,4520,9074,18096,374,349,836,278,0,3594,7,133,73,73,3,346,4,0,385,100,625,0,0,1729,159,16355,3244,471,2430,6757,1304,0,65,89,0,24,42,356,446,125,28,187,0,634,317994,104380
2,Arizona,6728577,1411,1418,208,311076,37584,2772,7119,1695,8759,1256,1531,2999,6274,6283,5123,3386,2758,14197,2069,6095,2902,31898,2323,627,24075,64,1448,7574,34,27558,6858,42721,86682,8940,559227,596,89877,15399,157901,32016,924471,490,22150,337,27615,1574,8435,611929,1912,288468,1438,10811,1032,639,598,789,6222,115262,2306,157024,15903,12428,51542,19469,54099,122029,6339,2435,9294,2664,8,38017,368,3001,556,949,690,3256,46,74,2382,1372,1432,39,210,21699,2547,100414,18232,2796,14839,44450,10269,231,338,642,77,395,454,1744,4008,812,38,1555,14,7804,2984304,995827
3,Arkansas,2968472,16,162,31,327518,5401,394,268,244,1114,201,491,706,1202,851,333,203,352,2245,143,1182,505,9419,307,2299,2584,0,383,677,0,7090,1728,5343,40270,580,272786,93,45674,1218,55587,6558,316617,52,2964,56,2873,87,617,315577,64,46551,174,1727,67,42,130,26,1257,13897,558,24852,2864,1347,4671,3204,37353,50243,488,356,1134,253,0,8801,0,195,140,81,21,389,6,0,0,219,0,11,30,7384,345,15791,5763,345,1610,13704,3631,62,22,101,0,41,2094,249,599,209,0,234,33,477,1107914,721631
4,California,38654206,39900,4292,923,1254843,290748,46874,23993,12875,58689,10504,19595,27095,46577,53886,256131,36195,19253,74448,18647,25681,36470,157068,13090,2957,87083,337,5220,48984,627,83211,23763,168048,358271,72340,2165661,3241,564652,54747,694335,112077,3144128,2647,135321,3573,121103,6297,209605,2489856,30728,1494485,10394,50084,2273,2600,7432,4776,50980,387103,6073,493956,346172,64718,418072,69579,222072,504305,18423,11244,24469,8675,323,260388,2744,33781,6021,5891,1362,29270,610,877,5479,10746,1715,1775,924,152670,9650,405788,102996,26041,106784,162179,85041,597,2128,22637,468,1841,1778,10272,30787,5742,613,9303,427,31424,23134797,4112201
5,Colorado,5359295,1965,1137,170,266128,20774,1220,1119,724,6671,931,774,1710,2859,5318,3473,120,2912,18970,2321,6708,2684,34144,1787,1337,12368,153,1376,6218,27,36375,8289,41072,92880,11060,541435,576,103764,11579,152871,27283,1085377,1167,20025,130,21060,1058,4972,619783,1484,268906,2406,9940,760,319,222,807,11145,117886,2181,131712,11470,6706,58615,22480,64783,137400,2670,4422,9106,6726,25,42758,65,9914,2549,483,667,2876,172,152,3240,1674,1277,272,78,17582,2652,125587,23111,2232,13963,47428,8851,166,142,338,72,310,462,1659,3674,651,84,1432,19,6027,1784210,836607
6,Connecticut,3588570,876,11557,203,147244,23458,2223,523,481,8560,2160,627,2502,2520,4283,4530,483,1125,13563,171,2654,18835,17050,858,183,15885,232,955,3576,141,12517,5568,11067,25336,13152,310599,1174,27751,5833,192169,97830,321894,62,30496,3463,35679,436,2452,559689,1121,635091,1852,26030,149,949,568,262,3217,19397,408,271302,49167,6285,61828,3961,18289,63993,876,2226,19033,998,43,35627,3882,856,3541,148,717,3611,364,20,316,1143,290,204,116,19404,1634,58685,8274,4573,21377,14422,88753,217,1488,98,213,2823,92,20684,54222,2843,414,6900,130,5533,1007529,393817
7,Delaware,934695,185,118,40,59240,2939,723,87,92,779,286,172,261,170,413,518,0,260,1845,17,460,419,3860,201,174,1299,38,78,453,22,2112,904,1704,10435,1305,92642,43,8175,467,17585,3356,126143,196,4044,486,4161,58,712,150276,142,89640,164,2626,14,16,50,0,511,3978,2514,39976,1862,779,7081,1138,6307,14259,167,505,1715,238,0,10994,68,131,654,1207,448,1196,0,120,0,152,5,0,0,6768,482,7297,1659,977,4412,6802,8888,92,138,177,133,40,65,3518,3202,889,26,702,0,311,322818,137689
8,District of Columbia,659009,31,380,0,15537,4374,526,77,87,1347,535,385,361,455,740,928,98,540,2071,50,532,1373,4982,368,93,1104,40,57,770,79,1605,216,1717,3828,5488,33617,106,13666,716,9626,2353,45987,20,2246,848,2568,126,1739,44328,413,25588,491,1911,92,89,53,100,872,4276,111,13964,1497,1205,10712,1135,4059,9092,673,280,1242,322,45,19907,109,6446,416,307,174,2753,97,285,17,316,134,56,77,7672,1303,4721,1883,947,2743,2924,8892,203,117,92,30,424,20,1402,4398,1298,100,1056,91,150,330842,119739
9,Florida,19934451,1879,11602,475,1771767,115070,14251,2886,3574,36486,11334,8311,11271,16645,13534,11246,814,4679,48229,1990,16112,72531,99655,7114,3556,69465,357,2175,17921,434,53281,15798,42178,191548,33932,1415402,2544,207096,26739,452957,111006,1991173,581,90960,24636,98806,1654,14878,1772128,16060,1179470,4982,36422,898,2708,2543,958,10226,115916,7990,484590,69147,36058,210301,22566,161135,312177,10690,6830,29554,5501,129,126386,2898,3892,2145,929,922,11309,474,66,228,6588,1341,213,500,92998,3450,148771,36415,17913,49805,92766,882777,30763,6297,5152,892,15012,1101,466547,289089,34116,5620,40103,1786,15088,7990689,2907754
10,Georgia,10099320,2443,1984,72,1182627,30772,3662,1416,985,9258,2341,1865,2815,4248,4840,2800,71,2167,13457,370,4701,10020,49950,2340,2308,13234,28,1605,4969,119,13591,4058,13112,71091,9958,798338,411,117052,6127,143511,24632,706750,256,19180,7545,19610,581,10444,795154,2460,226223,1406,7733,216,235,284,329,6348,37576,1695,107246,14081,11890,42386,10107,124562,179389,1797,1780,6202,1979,78,185100,1187,17395,5659,4516,3463,20860,665,568,3545,3721,1411,150,308,112898,11310,44705,12072,3810,12700,40775,121915,3226,3109,1122,706,3938,933,28503,61215,8520,1893,11820,289,7193,4589514,1664277
11,Hawaii,1413673,65,83,27,20380,2194,393,20,79,701,6,182,394,247,240,501,75,567,1595,84,634,986,3493,274,71,1748,6,131,567,0,2361,565,3787,8783,1198,55285,151,12272,1452,17991,2715,83481,199,2500,40,2929,80,601,63072,258,30648,308,1240,59,16,64,188,1236,10744,166,12380,48634,824,5749,2103,6858,15388,348,369,658,233,0,2783,56,101,70,15,0,102,0,0,40,289,26,12,0,1938,203,9498,2344,514,1725,3666,2236,9,42,169,13,159,58,385,880,213,78,275,14,403,1043409,131998
12,Idaho,1635483,374,393,22,132265,3417,52,473,22,609,42,25,257,1011,992,814,52,627,3591,8444,1287,449,10813,538,235,5365,17,420,1639,0,7056,1638,32769,33383,789,268510,9,37566,5805,40688,9118,285731,24,4080,37,3632,779,471,151909,113,50937,355,1048,164,42,35,43,3493,50644,538,19951,6553,1454,7746,9888,17338,51722,806,376,1053,478,5,3901,10,192,101,9,0,744,59,42,36,141,10,0,27,2006,755,48375,11730,486,3478,22507,972,0,5,96,9,0,100,259,382,90,0,43,0,3374,407750,301060
13,Illinois,12851684,993,12302,357,608089,92035,8141,8279,7859,11417,3907,13368,6451,21348,13411,9460,15874,3167,37751,426,28243,5960,37288,12779,487,13739,215,1155,39868,301,108676,17051,47195,166615,21791,722483,1029,124899,17680,235653,34080,2387464,616,98786,846,51011,1293,10132,1488816,4003,780509,5461,81773,5533,5173,435,448,8292,155586,5005,905894,9821,33036,117774,17588,71437,149312,25507,5425,35647,13237,124,96844,165,5471,5096,1364,1130,17618,665,95,1353,1465,1420,662,161,54174,7490,268697,35747,7954,52199,49786,33207,564,354,5513,87,436,217,8092,14396,1233,88,2702,110,19172,4845731,1746140
14,Indiana,6589578,255,1115,273,670534,19507,2254,470,887,4292,915,1074,2224,4409,3261,1775,154,1803,8122,181,12237,1683,27458,1270,382,8024,60,1138,13433,30,16484,5060,11638,124244,4819,543716,193,78972,5116,143630,16399,1517787,226,22926,109,36177,289,2142,755709,934,175753,1623,11110,538,4980,311,267,3433,38266,12260,208419,4397,7628,22280,7848,56826,114310,9650,2355,19339,3406,15,48739,21,1400,1232,1125,417,4357,174,98,72,457,187,73,172,37306,2240,57132,37523,1991,9624,37168,8209,288,125,206,17,244,184,2848,2815,459,159,1180,48,4123,1615226,1509862
15,Iowa,3106589,48,351,67,180751,8252,671,674,85,2907,623,433,659,914,1426,500,148,522,4400,62,7689,714,8328,569,158,3672,6,323,3715,19,55481,5522,54957,127475,1357,255511,208,33263,2872,66253,8405,1089836,319,5882,93,3742,497,824,420023,376,64375,777,2650,4693,163,93,141,3390,155728,4484,39663,1592,1343,10103,9016,26019,47833,1341,657,1696,635,0,17870,7,1193,219,922,1000,860,78,16,1490,231,2400,66,98,8003,1608,83698,14113,633,2672,21677,2763,23,52,207,8,29,21,1167,1108,19,13,161,0,9084,490537,632208
16,Kansas,2898292,390,184,47,214306,8906,934,722,176,2968,373,285,887,1145,1614,439,59,824,7476,38,4845,1582,12048,448,208,2907,23,512,6117,23,23127,3677,14692,54308,2450,274171,68,54987,1869,76585,9598,787995,1302,4971,174,4977,229,2320,349131,256,68150,291,2266,557,126,62,77,2376,31017,2434,40991,3174,1606,19204,5369,33935,56808,748,763,1468,1277,0,25062,48,1201,168,1907,47,1464,49,9,1113,451,158,50,104,17962,632,64879,13744,958,3349,22611,3412,36,65,59,34,85,361,614,1680,126,32,371,0,1043,809581,518564
17,Kentucky,4411989,376,746,67,813943,14807,838,1858,341,3716,608,698,598,3116,3260,894,206,586,3566,155,1931,820,18653,597,526,3639,6,696,1249,105,4947,1428,4707,47810,1695,435933,27,51675,2180,71353,7441,635986,247,7388,318,7577,212,2205,538157,352,87612,294,2632,111,139,84,46,1730,14807,2002,39817,3655,1837,9734,3392,60988,84954,829,524,2478,626,7,35565,75,685,555,341,833,978,55,37,3537,406,594,84,205,25894,1662,17033,10646,1005,3318,24486,6320,156,161,136,86,279,272,1869,1909,319,201,1127,24,5300,974961,1132273
18,Louisiana,4645670,91,179,150,440629,19504,1188,538,785,6444,267,2740,1322,4594,2168,536,39,403,2317,254,3292,2213,11146,400,58297,4312,40,387,2655,29,4596,1561,4488,23852,1733,255317,91,24670,1569,577821,138213,348800,291,6666,272,5495,414,1826,340473,671,221374,294,1585,68,181,130,162,1212,12064,287,23305,4361,1715,8240,2958,36221,45253,677,616,1176,315,0,55781,77,508,266,183,94,1826,36,27,103,400,234,81,18,51338,779,12330,3123,813,2115,11555,10214,290,163,720,9,210,342,4310,2455,813,28,964,55,1440,2003743,697179
19,Maine,1329923,604,500,60,103097,4743,177,1042,0,2130,213,47,339,602,362,1654,43,360,2505,68,656,415,8398,252,921,13306,12,718,569,62,2232,939,6053,13064,2020,275061,44,14233,6909,208693,101762,107214,13,7124,44,3707,116,468,229892,139,76152,514,5193,28,0,28,121,1470,10886,330,30283,9441,910,9932,2982,21161,67981,346,550,1652,176,0,8404,184,578,135,66,207,242,0,9,2442,79,1260,88,25,1802,1705,24042,2604,375,2337,10417,2110,19,50,0,41,95,17,568,1130,69,0,128,3,442,171067,208492
20,Maryland,5959902,2074,1412,196,293160,29546,3867,1764,853,6709,3465,2255,2646,4180,4600,4999,203,1735,12818,364,3993,9292,29668,2077,571,8434,142,838,4639,222,21281,5478,10916,46809,21302,441743,1032,73388,5087,91514,18657,823151,490,34244,8056,22771,458,16165,640327,3410,308553,2565,18224,284,414,141,340,5261,28685,3315,190085,11637,7116,74841,5860,44991,94700,2223,2879,12725,1674,190,247925,749,22972,9773,3765,4940,37863,1075,4973,1074,1778,681,1925,649,137861,20343,33563,13274,5647,21548,36148,80537,637,1787,217,274,3466,123,14081,37774,12486,867,10265,151,1866,2436990,882706
21,Massachusetts,6742143,883,18877,288,287324,74088,6139,3088,1073,32535,8224,2003,6800,7021,9332,30344,252,2913,16374,389,5328,69473,32230,3555,613,46278,70,1682,3329,167,12677,3422,15969,41595,28535,658958,1179,72928,23062,460095,263285,404795,38,82363,2085,18895,858,8662,1426554,3635,889064,3833,47210,307,540,391,569,7284,34534,731,314653,296449,9723,111091,8170,42374,153933,2021,1813,6597,1317,46,134848,65474,5867,5753,6056,1876,7870,219,681,4351,1907,724,2683,604,26802,5851,112341,10901,7623,25186,24079,131889,510,5567,454,351,3111,352,77771,29714,6490,439,9386,103,3626,1610925,795378
22,Michigan,9909600,565,25699,213,597915,179119,5046,27148,3391,61822,2201,6097,10284,40302,27505,14269,44012,2281,22273,302,49926,3823,34715,3290,498,44872,186,1514,19899,137,44961,15249,36480,462708,11610,875895,655,113104,98313,408499,159351,2012026,629,43090,600,92000,662,4384,1066761,2495,465272,4176,28905,727,8436,12374,486,7591,75526,7293,837090,6717,28311,70109,15698,69152,218070,9817,6095,25051,4524,23,53732,123,2092,836,812,770,5665,143,192,1264,1250,693,376,348,35680,4178,141878,23670,2772,37443,48510,14196,555,272,251,119,245,316,3131,6957,995,73,1679,10,16119,2609603,1558912
23,Minnesota,5450868,439,499,108,189185,21892,3129,1109,557,7934,803,985,1721,2425,3659,1398,109,1304,17095,317,14806,1976,15740,1777,247,8669,135,413,9357,72,91811,11002,71968,93023,6788,295428,467,69965,97891,183329,54697,1844349,742,11862,2304,13404,3888,3142,572045,887,127886,2804,5417,5097,415,217,312,10728,831639,2407,250123,3820,6217,42285,78039,27196,66001,4789,2978,7422,10181,24,127250,125,18633,1087,4281,9945,6994,117,392,46693,834,3247,445,342,32335,5033,442970,21869,1838,16397,22589,7038,257,48,150,30,542,66,1259,3167,669,72,904,105,7257,956939,710589
24,Mississippi,2989192,62,14,12,350810,6645,34,60,127,3562,367,130,236,1320,901,194,4,411,1344,5,684,219,8449,76,2485,1457,0,302,810,0,1278,621,2263,15791,573,217305,149,26945,761,70905,6760,158849,65,3343,75,1777,207,386,236369,166,57920,82,663,11,92,129,63,1897,7105,475,13616,1994,573,3625,1635,47790,46391,269,567,949,297,0,20621,52,290,79,9,271,929,9,29,20,137,183,29,17,18347,224,7642,2049,398,823,9088,2932,122,27,48,5,92,330,232,1528,191,0,336,43,1138,1431039,561220
25,Missouri,6059651,968,1566,241,583377,20292,1121,2141,783,6012,844,1939,1087,2695,4278,2446,98,1328,12536,123,6260,1302,22968,1626,961,7032,34,935,10250,23,26291,5638,16944,92392,5193,531003,206,77143,3227,181065,15212,1465197,360,14707,336,14743,161,3517,795805,892,209508,633,5709,321,549,110,113,5527,43022,3344,106217,6665,5860,28152,8183,67674,105484,1967,1861,4895,1308,31,36577,190,3239,818,1920,1018,2896,91,59,1852,636,937,125,153,21356,1919,59535,24659,1762,8103,36443,7012,285,172,176,19,260,704,1684,2857,232,26,626,62,13689,1611704,1286223
26,Montana,1023391,0,5,61,72590,1632,163,53,0,766,27,6,137,189,347,257,21,179,4450,652,1964,151,4214,171,98,2342,7,284,2923,8,7740,1817,12797,23399,790,113222,138,21385,6666,34523,7987,265676,100,2949,8,3371,312,238,143543,149,34828,158,1245,265,98,38,38,2493,95006,586,19925,2208,973,10377,7936,14532,31831,729,971,1120,743,2,1126,13,188,39,40,27,72,0,0,0,77,0,14,0,624,32,30154,5424,221,2024,10587,583,0,12,115,0,0,99,57,100,0,0,200,0,2047,184778,169745
27,Nebraska,1881259,331,67,25,75329,8478,350,2329,200,1901,48,498,936,1405,948,363,0,402,3701,133,2073,667,5835,76,211,1677,50,278,2111,22,87913,4971,41365,35203,907,147201,60,19325,1772,42382,5497,679230,565,3876,16,3266,192,671,246337,100,50454,718,3331,1106,56,34,78,1147,37577,1698,66494,1440,1135,11380,4664,15230,25052,651,523,933,364,0,16194,0,691,115,500,128,751,14,0,2651,207,3276,13,62,6586,1492,80851,7864,563,2159,10806,1429,29,58,226,5,87,52,292,484,70,7,195,0,1231,400278,304122
28,Nevada,2839172,994,534,13,134413,13149,1322,590,411,4870,760,437,977,2381,1887,5241,892,1288,6000,4872,2209,2871,11612,3418,150,7660,19,792,4201,21,8444,2634,17311,30230,2563,196078,72,37834,4850,62986,12403,321457,127,11828,166,12402,665,5407,255138,1575,163343,478,4588,322,270,257,497,2279,38718,793,58991,15861,4309,26680,7066,20479,47054,3526,1106,3043,791,0,27700,161,9368,302,343,213,1001,3,7,318,842,271,40,31,14571,534,34009,8198,1228,5024,17051,6470,84,142,1004,45,201,211,645,2994,473,63,688,53,3367,1419793,339344
29,New Hampshire,1327503,48,1125,75,69168,9122,768,511,137,4994,508,126,690,422,1064,3623,0,341,3234,88,1877,2369,8233,290,158,17397,0,369,670,39,2953,630,3997,13515,1935,218409,252,16114,8468,192573,117093,119174,30,18513,24,4736,44,679,277676,368,139464,495,7435,116,63,260,37,1358,11689,374,58278,18170,1677,11862,2711,15485,55482,359,426,1380,194,0,6337,318,233,88,615,100,325,28,0,312,373,592,42,553,2183,806,27456,2778,897,4722,9466,3996,35,77,51,8,57,20,1973,1167,196,43,444,7,1638,172254,178642
30,New Jersey,8915456,3010,11933,360,374964,102895,40250,894,6019,13205,6100,7354,13182,10110,8412,15870,1569,2774,35387,389,6128,33396,26104,3454,172,11764,414,542,11997,1199,25842,11139,17570,94405,38478,422424,1762,57476,6049,108271,20692,949081,445,64347,21604,97531,794,10383,1256618,9159,1437529,4247,33645,246,6312,1501,419,3371,41116,6868,509305,76952,18590,170958,5212,33423,90900,5159,6691,35874,1665,291,88446,1040,2166,10071,3533,5494,18892,1005,792,78,1968,566,460,75,38426,5476,50535,15814,20905,67417,31719,161829,1181,4491,1538,169,5493,472,60219,61693,15186,654,13703,202,5667,3488889,923817
31,New Mexico,2082669,390,174,93,93870,6653,426,1421,146,2035,67,692,393,891,732,713,19,443,3339,987,1288,716,7940,188,508,2012,15,928,1328,41,5443,1266,6434,18488,2731,122641,337,31963,2152,32086,6288,182817,233,4432,59,4708,450,1436,131745,269,46084,350,1801,68,46,32,116,3963,17810,637,23772,2674,1146,9711,4083,17666,32142,439,797,1350,386,44,4784,17,474,145,88,8,418,0,0,38,152,5,93,24,3125,215,16544,3807,482,2218,10021,1734,43,37,178,16,0,421,204,553,83,16,226,0,887,1270944,252078
32,New York,19697457,9660,50236,1040,1064173,164640,31207,4562,5777,30816,12695,7098,17597,23546,35281,27346,651,7915,75316,1334,12767,26524,60386,7293,599,43675,1068,2549,22521,2079,51607,18568,33340,232083,103446,1005375,3336,168184,16080,425520,127405,1988190,884,146526,144874,147697,1655,27602,2330245,33563,2512587,8360,44292,783,10572,5870,1339,10571,81028,13814,915223,50657,50096,399769,14535,66772,204077,10001,8654,32149,4509,478,261522,1402,6948,25107,2093,3843,35345,5425,1879,3272,4108,3395,1205,612,142405,27975,119790,35660,31670,141245,78778,820554,2345,26999,9853,454,52827,1409,197393,330198,90332,3383,119282,1471,23493,7346455,2406617
33,North Carolina,9940828,793,1529,261,1210719,36804,5018,1017,2980,9747,4027,2474,2514,6021,3863,3034,193,2618,12524,422,5570,5552,53476,1655,1129,16234,111,1414,5687,40,16768,4677,15500,99872,9022,937806,407,128203,8304,161191,33831,1034320,675,27540,2030,25288,762,5213,854954,1973,314036,1469,10017,438,553,537,308,6680,45132,3342,141088,15732,8003,43725,10277,254173,239750,2473,2930,10170,1997,92,113656,959,4840,2595,1547,3304,6205,540,644,1268,2391,1165,261,352,82658,6271,53623,16761,5007,17036,53559,37877,1048,1207,995,259,1348,464,7477,16386,3509,316,5804,38,4392,3795253,1769203
34,North Dakota,736162,0,58,2,21905,1511,166,135,28,473,22,15,190,130,375,255,0,74,838,63,1187,145,1521,244,24,1299,4,124,294,0,12433,1268,7267,9673,159,31861,85,3918,3912,30820,7138,304490,1905,887,4,2843,2882,114,56583,18,9034,216,408,302,14,35,27,437,192426,188,17918,430,863,21311,8973,4496,9263,122,98,372,224,0,5696,4,460,110,94,257,234,0,55,1289,130,268,353,3,2108,441,31127,1544,130,3919,2014,601,5,3,0,0,17,18,263,206,44,0,45,0,1619,94994,94036
35,Ohio,11586941,506,4731,601,912807,81356,5462,1832,3331,29574,2830,8012,7216,12129,12546,4264,165,2218,25147,120,9073,3167,45491,3140,539,15712,853,1516,36309,158,64899,20172,17519,169671,16687,973844,1021,113616,17121,247451,30287,2967407,600,53809,1016,187087,896,6133,1559780,1713,738346,3129,21606,648,4839,411,401,6013,42050,27944,433623,8447,28934,75043,10532,108461,210900,18561,6972,122651,51593,31,107578,294,6179,5597,2194,1335,5999,1170,1006,13166,884,359,260,270,62629,7746,71111,72919,6770,41496,121091,17876,321,446,176,80,389,602,2357,10554,823,186,2228,66,9679,2779678,2140890
36,Oklahoma,3875589,100,324,98,354572,11723,561,507,621,4275,643,282,862,1817,2301,709,22,973,3521,271,1918,896,14640,389,1092,3888,28,457,875,37,16161,3195,7663,59778,1549,298649,229,52530,2723,78841,8419,531934,736,5256,40,4029,378,3753,431516,344,67788,248,1796,203,36,11,96,1599,25020,1123,34073,4458,1425,10411,5321,41093,65141,442,493,1306,523,0,17858,137,977,785,906,296,1937,82,0,26,211,257,103,21,11530,717,26595,6476,1008,2807,18547,21316,250,39,260,20,187,17510,911,1435,144,52,625,0,1016,1577771,810495
37,Oregon,3982267,919,478,149,211341,17458,1382,1111,805,4386,515,814,1725,3315,4066,2596,155,2002,11651,3221,5612,2109,30332,1360,581,14735,128,1549,6205,76,21082,4563,40817,86236,7829,450305,790,108694,22323,128213,27031,759759,375,13654,91,14491,1855,5369,467607,1147,150954,1426,5867,547,275,355,503,12103,151045,2133,70012,21579,10638,48717,25869,54188,124587,1450,2089,2989,1676,19,21057,169,3393,319,487,193,1289,15,5,2528,809,197,50,35,10299,1549,111669,28250,2403,21833,42685,4146,127,9,244,72,53,788,1015,1048,338,28,441,0,4573,1153275,692165
38,Pennsylvania,12783977,1396,9651,634,636888,68050,7468,1775,988,20225,5903,1707,15446,7597,8410,9125,219,2957,52523,293,9791,10521,42452,3464,603,14762,2104,1468,46379,154,48033,22746,16122,202218,30287,908141,677,94091,9091,201732,30903,3207883,557,61361,3504,128411,620,6483,2102931,4838,1531899,4001,73138,352,1687,587,243,6504,41865,147474,827727,19241,18727,179715,8050,144570,189929,16573,14793,209974,15570,138,103824,528,4484,3100,1756,9978,9141,444,1020,842,1751,1839,508,312,63065,7023,101657,67018,8032,110771,162942,82059,706,2578,606,337,2051,317,24835,34329,7214,404,10194,142,10325,2859046,1932867
39,Rhode Island,1054491,30,392,71,39020,9095,656,171,89,3797,207,87,2437,1223,592,5458,31,169,2135,192,812,2116,3466,258,88,3848,12,122,380,13,1759,374,1744,5550,1871,109180,66,5541,1437,104800,52155,57101,0,7559,252,2518,112,504,191603,185,187129,238,4033,32,37,67,57,705,4251,147,42384,96433,1086,10740,692,5998,19134,44,209,970,179,31,32656,20941,212,487,200,3316,2086,228,0,21,106,0,24,8,4885,663,17823,1354,530,2973,2982,8453,33,231,143,113,151,5,4321,2397,435,6,795,0,269,247981,108281
40,South Carolina,4834605,76,654,53,559741,12220,1932,509,186,4730,603,385,1394,1281,1447,1071,94,866,6318,170,2785,3205,23478,1171,453,6874,43,635,2126,37,7936,2498,7514,43041,3148,446695,299,58389,4500,87961,16477,485618,157,13633,237,12624,216,1343,465019,765,141785,556,4568,198,143,379,64,2462,18219,1480,64219,6856,3249,16865,4144,115658,112662,1261,1079,4732,1209,9,49785,102,1079,446,503,407,1797,90,213,51,1148,149,81,11,42713,1177,21936,8160,1483,9471,25165,15640,567,711,340,138,548,179,2757,7334,1513,139,1839,37,1199,1832823,886969
41,South Dakota,851058,173,87,19,32598,1610,33,204,0,427,44,26,381,280,215,187,1,117,1275,63,1745,196,2015,106,131,1000,7,169,424,11,17087,1593,15668,38821,214,47978,4,6638,3785,19875,4314,330448,148,1139,12,1406,109,35,91179,0,11411,148,297,985,13,0,22,1010,117289,328,14157,358,261,10561,6233,4126,9772,136,164,382,127,0,5877,0,1560,2,66,525,135,4,0,450,115,466,13,0,2230,393,28185,3369,136,1618,4141,448,0,64,6,0,0,4,53,197,100,3,51,0,1131,159802,120521
42,Tennessee,6548009,542,739,50,1037740,34119,8670,2942,1267,4247,602,1411,1168,6889,7582,1722,244,1220,5608,279,2659,1373,29808,551,1333,8165,10,1169,2221,16,9303,3004,9585,73953,4404,600651,144,86827,4074,110186,18600,633557,376,10960,822,11848,437,3981,664592,979,140832,589,4650,216,166,406,269,2827,29492,2882,70082,5824,4606,19753,6573,145274,137739,1575,969,3911,808,0,70891,39,3682,987,751,1684,3580,287,156,2483,1042,1246,180,225,51996,3060,32642,12144,1379,6532,32821,12691,537,310,333,45,351,1833,3018,3891,653,35,1603,309,2133,2045957,1471782
43,Texas,26956435,3548,3913,2414,1541141,118847,10334,10299,7707,33151,3750,7574,8628,20326,20683,7489,832,7601,25141,2278,13810,18168,106461,3523,22565,33508,154,3971,10721,214,201369,20981,49849,205812,14638,1664976,619,257018,15934,541715,74329,2597584,1266,48447,3118,39089,2023,37152,1825914,5054,511734,2408,15416,1181,997,910,1454,12640,138764,4483,289305,32135,16028,84493,29199,266247,378768,4339,3525,12318,5016,9,302895,1073,21168,5565,9203,3020,66177,267,1063,4878,4954,4705,833,983,167058,17071,152475,36000,12655,22759,99023,73698,1202,1867,3919,151,3726,12636,7008,25307,8841,927,8559,398,9834,15368387,3595657
44,Utah,2948427,763,377,9,177375,7634,328,1647,66,2125,269,394,380,677,1928,3122,14,2650,4786,1895,1841,3838,42863,740,203,10262,17,481,2584,0,6210,1315,146617,67740,2077,728303,235,134370,5992,57246,7632,329285,66,13808,51,5470,4265,2225,170703,309,82668,336,2045,155,86,74,884,6676,66843,302,25298,5161,1576,10919,33079,23104,132472,1068,953,1389,1081,27,12809,12,769,151,197,15,626,0,65,1742,1317,834,82,14,6262,848,112527,36013,816,3614,58466,2795,137,8,105,2,107,168,668,931,60,81,531,30,4678,757132,460614
45,Vermont,626249,0,101,32,51590,2780,235,329,32,1576,28,112,200,131,221,598,39,285,2311,32,470,107,4555,75,44,5797,3,250,203,16,2002,440,2453,8121,2110,103975,79,13882,2136,80298,51222,65533,9,3042,164,3502,27,195,111000,125,47020,374,1933,20,15,30,56,1618,4977,208,22738,2196,1046,7944,1358,6770,28366,262,290,840,205,0,3052,188,293,86,7,3,120,10,0,380,212,138,16,2,975,655,9635,2041,244,1963,7191,969,0,50,0,2,10,4,263,441,82,27,98,9,1592,86764,96409
46,Virginia,8310301,15454,2561,342,871834,73341,11350,5573,1894,14298,7111,4536,3690,11474,15980,5296,384,2727,15311,772,5920,6738,55721,3007,969,14413,260,1460,7215,332,21559,5568,19238,79148,14001,842040,792,134703,8029,152587,34606,958272,565,32825,2339,29634,1064,21302,803287,2288,335859,2155,14691,534,496,613,387,9137,49909,2855,157626,16418,9241,54966,12072,135212,175106,3393,3742,15888,2965,71,170804,923,29027,13403,1615,1488,6387,610,3860,3969,2008,4702,539,335,97901,6675,56155,20608,8801,21035,55537,43527,733,1286,1003,150,1446,230,8312,19602,4790,484,6413,194,4624,3027133,1380077
47,Washington,7073146,2348,970,214,328572,28525,4085,3618,351,6721,1486,1235,2277,3868,5945,7056,146,4845,19518,2650,7418,4090,51086,3826,1044,29799,249,3189,12963,96,31029,7678,67507,144520,9738,732717,1389,174094,45002,218672,52944,1257368,1475,25669,367,22898,6783,11283,764501,2155,246911,3215,10377,1044,382,593,1234,26309,380362,2843,131345,23208,19282,86787,54669,87713,204064,2587,4793,6442,3159,71,76583,213,21193,868,2036,226,2483,180,118,12870,1687,1281,411,277,29155,5503,227227,36378,6048,57902,69391,11003,211,255,575,71,254,552,2321,4320,1113,104,1291,52,10661,2313902,1040258
48,West Virginia,1846092,20,72,49,228482,6341,284,67,122,3366,602,70,812,445,787,203,13,297,1680,9,1039,165,6196,209,126,1446,7,395,1882,0,3843,1524,1294,34342,925,198770,87,17282,949,25953,2445,325482,45,4698,187,8880,197,855,265200,145,83256,106,1561,81,22,73,15,1250,4851,967,34925,1144,570,5628,1332,38043,38707,1329,622,4345,769,0,5894,18,266,66,0,58,305,31,16,37,56,74,0,0,4822,154,7130,3679,532,1828,13320,2236,83,69,48,0,116,290,442,1000,52,0,156,0,1035,308982,561977
49,Wisconsin,5754798,415,3614,148,207144,14850,1175,1102,788,3582,734,2083,1156,2884,1773,3942,197,1137,24642,224,50416,1396,14877,1075,376,6850,94,377,16036,42,90158,8601,58944,142189,5154,325612,396,56255,37558,184210,55143,2330384,971,15934,71,23792,1284,1748,623965,599,199624,2810,13029,6595,540,203,163,5533,442033,7569,503846,2935,4323,38339,21627,23720,62281,8363,3292,12270,8655,30,30093,24,870,424,387,535,1689,353,116,1472,331,134,74,6,22446,1501,144492,56848,1179,9841,29527,5039,117,88,165,7,145,44,724,2702,312,166,667,11,5070,1110763,737706
50,Wyoming,583029,0,0,0,42337,746,136,0,19,232,13,64,107,27,166,80,8,161,1274,710,741,65,2865,83,40,824,0,232,412,0,4523,699,7798,11470,412,72208,94,10070,2636,16661,2869,137750,162,1711,6,1475,113,278,67733,71,19086,107,688,30,34,4,89,662,20209,560,10650,881,388,4189,2961,8841,17035,378,513,397,463,0,1910,0,207,6,1,0,73,76,3,67,7,0,0,46,1372,76,15406,2861,33,952,6535,557,3,3,98,2,0,83,148,102,70,0,57,0,793,127298,124256
